[
{
  "timestamp": "20250110_023428",
  "own_data": {
    "vehicle_id": 1,
    "location": {
      "x": 0.0,
      "y": 0.0,
      "z": 0.0
    },
    "rotation": {
      "pitch": 0.0,
      "yaw": 0.0,
      "roll": 0.0
    },
    "velocity": {
      "x": 0.0,
      "y": 0.0,
      "z": 0.0
    },
    "speed": 0.0,
    "sensors": {}
  },
  "other_vehicles": {
    "2": {
      "location": {
        "x": 0.0,
        "y": 0.0,
        "z": 0.0
      },
      "velocity": {
        "x": 0.0,
        "y": 0.0,
        "z": 0.0
      },
      "speed": 0.0,
      "relative_distance": 0.0,
      "sensors": {}
    }
  }
},
{
  "timestamp": "20250110_023428",
  "own_data": {
    "vehicle_id": 1,
    "location": {
      "x": 7.41111421585083,
      "y": -60.89999771118164,
      "z": 0.5461000800132751
    },
    "rotation": {
      "pitch": 0.0,
      "yaw": -0.0234375,
      "roll": 0.0
    },
    "velocity": {
      "x": 0.0,
      "y": 0.0,
      "z": -0.9800000786781311
    },
    "speed": 3.5280002832412722,
    "sensors": {
      "gnss": {
        "altitude": 1.0461000800132751,
        "latitude": 0.5005470739874625,
        "longitude": 0.5000665751717246
      },
      "imu": {
        "accelerometer": {
          "x": 4.3705032783577975e-37,
          "y": -3.5792016495152456e-36,
          "z": 9.8100004196167
        },
        "gyroscope": {
          "x": 0.0,
          "y": 0.0,
          "z": 0.0
        }
      },
      "lidar": {
        "num_points": 42824,
        "timestamp": 2190.515072669834
      }
    }
  },
  "other_vehicles": {
    "2": {
      "location": {
        "x": -24.33677864074707,
        "y": -57.78562545776367,
        "z": 0.5461000204086304
      },
      "velocity": {
        "x": 0.0,
        "y": 0.0,
        "z": -0.9800000786781311
      },
      "speed": 3.5280002832412722,
      "relative_distance": 31.900282371271885,
      "sensors": {
        "gnss": {
          "altitude": 1.0461000204086304,
          "latitude": 0.5005190971054958,
          "longitude": 0.49978137899780783
        },
        "imu": {
          "accelerometer": {
            "x": -1.4656820527304011e-36,
            "y": -3.3812527486735436e-36,
            "z": 9.8100004196167
          },
          "gyroscope": {
            "x": 0.0,
            "y": 0.0,
            "z": 0.0
          }
        },
        "lidar": {
          "num_points": 42384,
          "timestamp": 2190.515072669834
        }
      }
    }
  }
}
],
{
  "timestamp": "20250110_023530",
  "own_data": {
    "vehicle_id": 1,
    "location": {
      "x": 0.0,
      "y": 0.0,
      "z": 0.0
    },
    "rotation": {
      "pitch": 0.0,
      "yaw": 0.0,
      "roll": 0.0
    },
    "velocity": {
      "x": 0.0,
      "y": 0.0,
      "z": 0.0
    },
    "speed": 0.0,
    "sensors": {}
  },
  "other_vehicles": {
    "2": {
      "location": {
        "x": 0.0,
        "y": 0.0,
        "z": 0.0
      },
      "velocity": {
        "x": 0.0,
        "y": 0.0,
        "z": 0.0
      },
      "speed": 0.0,
      "relative_distance": 0.0,
      "sensors": {}
    }
  }
}
],
{
  "timestamp": "20250110_023615",
  "own_data": {
    "vehicle_id": 1,
    "location": {
      "x": 0.0,
      "y": 0.0,
      "z": 0.0
    },
    "rotation": {
      "pitch": 0.0,
      "yaw": 0.0,
      "roll": 0.0
    },
    "velocity": {
      "x": 0.0,
      "y": 0.0,
      "z": 0.0
    },
    "speed": 0.0,
    "sensors": {}
  },
  "other_vehicles": {
    "2": {
      "location": {
        "x": 0.0,
        "y": 0.0,
        "z": 0.0
      },
      "velocity": {
        "x": 0.0,
        "y": 0.0,
        "z": 0.0
      },
      "speed": 0.0,
      "relative_distance": 0.0,
      "sensors": {}
    }
  }
},
{
  "timestamp": "20250110_023615",
  "own_data": {
    "vehicle_id": 1,
    "location": {
      "x": 32.992610931396484,
      "y": -67.89999389648438,
      "z": 0.5461000204086304
    },
    "rotation": {
      "pitch": 0.0,
      "yaw": 179.9765625,
      "roll": 0.0
    },
    "velocity": {
      "x": 0.0,
      "y": 0.0,
      "z": -0.9800000786781311
    },
    "speed": 3.5280002832412722,
    "sensors": {
      "gnss": {
        "altitude": 1.0461000204086304,
        "latitude": 0.5006099560230695,
        "longitude": 0.5002963776666268
      },
      "imu": {
        "accelerometer": {
          "x": -1.9407636657295072e-36,
          "y": 3.990010163690083e-36,
          "z": 9.8100004196167
        },
        "gyroscope": {
          "x": 0.0,
          "y": 0.0,
          "z": 0.0
        }
      },
      "lidar": {
        "num_points": 42920,
        "timestamp": 2289.9845969863236
      }
    }
  },
  "other_vehicles": {
    "2": {
      "location": {
        "x": 22.88115692138672,
        "y": -60.89999771118164,
        "z": 0.5461000204086304
      },
      "velocity": {
        "x": 0.0,
        "y": 0.0,
        "z": -0.9800000786781311
      },
      "speed": 3.5280002832412722,
      "relative_distance": 12.298026215242647,
      "sensors": {
        "gnss": {
          "altitude": 1.0461000204086304,
          "latitude": 0.5005470739874625,
          "longitude": 0.5002055449298082
        },
        "imu": {
          "accelerometer": {
            "x": 1.3462977910701486e-36,
            "y": -3.5788296440093244e-36,
            "z": 9.8100004196167
          },
          "gyroscope": {
            "x": 0.0,
            "y": 0.0,
            "z": 0.0
          }
        },
        "lidar": {
          "num_points": 43118,
          "timestamp": 2289.9845969863236
        }
      }
    }
  }
},
{
  "timestamp": "20250110_023616",
  "own_data": {
    "vehicle_id": 1,
    "location": {
      "x": 32.992610931396484,
      "y": -67.89999389648438,
      "z": 0.394199937582016
    },
    "rotation": {
      "pitch": 0.0,
      "yaw": 179.9765625,
      "roll": 0.0
    },
    "velocity": {
      "x": 0.0,
      "y": 0.0,
      "z": -1.9600002765655518
    },
    "speed": 7.056000995635986,
    "sensors": {
      "gnss": {
        "altitude": 0.894199937582016,
        "latitude": 0.5006099560230695,
        "longitude": 0.5002963776666268
      },
      "imu": {
        "accelerometer": {
          "x": 3302.03759765625,
          "y": -6788.64892578125,
          "z": -59.99000930786133
        },
        "gyroscope": {
          "x": 0.0,
          "y": 0.0,
          "z": 0.0
        }
      },
      "lidar": {
        "num_points": 43122,
        "timestamp": 2290.0845969878137
      }
    }
  },
  "other_vehicles": {
    "2": {
      "location": {
        "x": 22.88115692138672,
        "y": -60.89999771118164,
        "z": 0.394199937582016
      },
      "velocity": {
        "x": 0.0,
        "y": 0.0,
        "z": -1.9600002765655518
      },
      "speed": 7.056000995635986,
      "relative_distance": 12.298026215242647,
      "sensors": {
        "gnss": {
          "altitude": 0.894199937582016,
          "latitude": 0.5005470739874625,
          "longitude": 0.5002055449298082
        },
        "imu": {
          "accelerometer": {
            "x": -2290.6064453125,
            "y": 6089.0625,
            "z": -59.99000930786133
          },
          "gyroscope": {
            "x": 0.0,
            "y": 0.0,
            "z": 0.0
          }
        },
        "lidar": {
          "num_points": 43249,
          "timestamp": 2290.0845969878137
        }
      }
    }
  }
},
{
  "timestamp": "20250110_023616",
  "own_data": {
    "vehicle_id": 1,
    "location": {
      "x": 32.992610931396484,
      "y": -67.89999389648438,
      "z": 0.14430004358291626
    },
    "rotation": {
      "pitch": 0.0,
      "yaw": 179.9765625,
      "roll": 0.0
    },
    "velocity": {
      "x": 0.0,
      "y": 0.0,
      "z": -2.940000295639038
    },
    "speed": 10.584001064300537,
    "sensors": {
      "gnss": {
        "altitude": 0.6443000435829163,
        "latitude": 0.5006099560230695,
        "longitude": 0.5002963776666268
      },
      "imu": {
        "accelerometer": {
          "x": 0.0,
          "y": 0.0,
          "z": 0.010022163391113281
        },
        "gyroscope": {
          "x": 0.0,
          "y": 0.0,
          "z": 0.0
        }
      },
      "lidar": {
        "num_points": 43244,
        "timestamp": 2290.184596989304
      }
    }
  },
  "other_vehicles": {
    "2": {
      "location": {
        "x": 22.88115692138672,
        "y": -60.89999771118164,
        "z": 0.14512409269809723
      },
      "velocity": {
        "x": 0.0,
        "y": 0.0,
        "z": -2.8575851917266846
      },
      "speed": 10.287306690216065,
      "relative_distance": 12.29802624285102,
      "sensors": {
        "gnss": {
          "altitude": 0.6451240926980972,
          "latitude": 0.5005470739874625,
          "longitude": 0.5002055449298082
        },
        "imu": {
          "accelerometer": {
            "x": 0.0,
            "y": 0.0,
            "z": 0.09242820739746094
          },
          "gyroscope": {
            "x": -1.9042627474874507e-09,
            "y": 7.020939278845617e-07,
            "z": -1.3331067124645749e-18
          }
        },
        "lidar": {
          "num_points": 43374,
          "timestamp": 2290.184596989304
        }
      }
    }
  }
},
{
  "timestamp": "20250110_023616",
  "own_data": {
    "vehicle_id": 1,
    "location": {
      "x": 32.992610931396484,
      "y": -67.89999389648438,
      "z": -0.07457465678453445
    },
    "rotation": {
      "pitch": 0.0,
      "yaw": 179.9765625,
      "roll": 0.0
    },
    "velocity": {
      "x": -2.7209021702390146e-09,
      "y": 4.4730658288472114e-08,
      "z": -1.0613230466842651
    },
    "speed": 3.8207629680633577,
    "sensors": {
      "gnss": {
        "altitude": 0.42542534321546555,
        "latitude": 0.5006099560230695,
        "longitude": 0.5002963776666268
      },
      "imu": {
        "accelerometer": {
          "x": 0.0,
          "y": 0.0,
          "z": 12.912519454956055
        },
        "gyroscope": {
          "x": 1.9001105044935684e-07,
          "y": 1.2095438250980806e-07,
          "z": 1.3497911122151152e-11
        }
      },
      "lidar": {
        "num_points": 13149,
        "timestamp": 2290.284596990794
      }
    }
  },
  "other_vehicles": {
    "2": {
      "location": {
        "x": 22.88115692138672,
        "y": -60.89999771118164,
        "z": -0.08673694729804993
      },
      "velocity": {
        "x": 7.470293894584756e-08,
        "y": -3.4114826519271446e-08,
        "z": -1.8269654512405396
      },
      "speed": 6.577075624465949,
      "relative_distance": 12.298032229267655,
      "sensors": {
        "gnss": {
          "altitude": 0.4132630527019501,
          "latitude": 0.5005470739874625,
          "longitude": 0.5002055449298082
        },
        "imu": {
          "accelerometer": {
            "x": 0.0,
            "y": 0.0,
            "z": 11.531479835510254
          },
          "gyroscope": {
            "x": 7.174246974273046e-08,
            "y": 8.059072911237308e-07,
            "z": 7.273560226339626e-12
          }
        },
        "lidar": {
          "num_points": 11933,
          "timestamp": 2290.284596990794
        }
      }
    }
  }
},
{
  "timestamp": "20250110_023616",
  "own_data": {
    "vehicle_id": 1,
    "location": {
      "x": 32.99237060546875,
      "y": -67.90001678466797,
      "z": -0.0749039426445961
    },
    "rotation": {
      "pitch": 0.03882279247045517,
      "yaw": 179.97654724121094,
      "roll": -0.0444946214556694
    },
    "velocity": {
      "x": 0.00010004271462094039,
      "y": 0.0015436497051268816,
      "z": 0.2632792294025421
    },
    "speed": 0.9478215853476237,
    "sensors": {
      "gnss": {
        "altitude": 0.4250960573554039,
        "latitude": 0.5006099562286721,
        "longitude": 0.5002963755077423
      },
      "imu": {
        "accelerometer": {
          "x": 0.045204393565654755,
          "y": 0.027099670842289925,
          "z": 31.664505004882812
        },
        "gyroscope": {
          "x": 0.0020955726504325867,
          "y": -0.004619754385203123,
          "z": -1.5127061487874016e-06
        }
      },
      "lidar": {
        "num_points": 13274,
        "timestamp": 2290.384596992284
      }
    }
  },
  "other_vehicles": {
    "2": {
      "location": {
        "x": 22.881181716918945,
        "y": -60.900272369384766,
        "z": -0.17227107286453247
      },
      "velocity": {
        "x": 0.0003930708044208586,
        "y": -0.055645573884248734,
        "z": 0.062411773949861526
      },
      "speed": 0.3010214418770321,
      "relative_distance": 12.298050373017208,
      "sensors": {
        "gnss": {
          "altitude": 0.32772892713546753,
          "latitude": 0.500547076454751,
          "longitude": 0.5002055451525502
        },
        "imu": {
          "accelerometer": {
            "x": 0.0032932411413639784,
            "y": -0.0011616640258580446,
            "z": 24.442703247070312
          },
          "gyroscope": {
            "x": 0.07535913586616516,
            "y": 0.004179507028311491,
            "z": 1.1170897778356448e-05
          }
        },
        "lidar": {
          "num_points": 11961,
          "timestamp": 2290.384596992284
        }
      }
    }
  }
},
{
  "timestamp": "20250110_023616",
  "own_data": {
    "vehicle_id": 1,
    "location": {
      "x": 32.99237060546875,
      "y": -67.89996337890625,
      "z": -0.045898206532001495
    },
    "rotation": {
      "pitch": 0.03896622732281685,
      "yaw": 179.97654724121094,
      "roll": -0.032257068902254105
    },
    "velocity": {
      "x": -4.9344605940859765e-05,
      "y": -0.0010033869184553623,
      "z": 0.2758364975452423
    },
    "speed": 0.9930179769133047,
    "sensors": {
      "gnss": {
        "altitude": 0.4541017934679985,
        "latitude": 0.5006099557489136,
        "longitude": 0.5002963755077423
      },
      "imu": {
        "accelerometer": {
          "x": -0.015080204233527184,
          "y": -0.00033521605655550957,
          "z": 12.743517875671387
        },
        "gyroscope": {
          "x": -0.0032330434769392014,
          "y": 0.0022008828818798065,
          "z": 2.07011794373102e-06
        }
      },
      "lidar": {
        "num_points": 13244,
        "timestamp": 2290.484596993774
      }
    }
  },
  "other_vehicles": {
    "2": {
      "location": {
        "x": 22.880998611450195,
        "y": -60.89961624145508,
        "z": -0.140359565615654
      },
      "velocity": {
        "x": 0.00019841294852085412,
        "y": -0.022537514567375183,
        "z": 0.4796135723590851
      },
      "speed": 1.7285142649316334,
      "relative_distance": 12.298521317402491,
      "sensors": {
        "gnss": {
          "altitude": 0.359640434384346,
          "latitude": 0.500547070560657,
          "longitude": 0.5002055435076859
        },
        "imu": {
          "accelerometer": {
            "x": -0.026495113968849182,
            "y": 0.23693160712718964,
            "z": 21.553457260131836
          },
          "gyroscope": {
            "x": 0.038791485130786896,
            "y": 0.002277282066643238,
            "z": 8.668915143061895e-06
          }
        },
        "lidar": {
          "num_points": 11977,
          "timestamp": 2290.484596993774
        }
      }
    }
  }
},
{
  "timestamp": "20250110_023617",
  "own_data": {
    "vehicle_id": 1,
    "location": {
      "x": 32.99247360229492,
      "y": -67.89996337890625,
      "z": -0.023766212165355682
    },
    "rotation": {
      "pitch": 0.02319532074034214,
      "yaw": 179.97654724121094,
      "roll": -0.01672363094985485
    },
    "velocity": {
      "x": -5.919317118241452e-05,
      "y": -0.0008137625991366804,
      "z": 0.17042897641658783
    },
    "speed": 0.6135513460476102,
    "sensors": {
      "gnss": {
        "altitude": 0.4762337878346443,
        "latitude": 0.5006099557489136,
        "longitude": 0.5002963764329785
      },
      "imu": {
        "accelerometer": {
          "x": -0.006621386855840683,
          "y": 0.00765851279720664,
          "z": 9.122628211975098
        },
        "gyroscope": {
          "x": -0.0021404786966741085,
          "y": 0.002738544950261712,
          "z": 7.787899676259258e-07
        }
      },
      "lidar": {
        "num_points": 13316,
        "timestamp": 2290.5845969952643
      }
    }
  },
  "other_vehicles": {
    "2": {
      "location": {
        "x": 22.89887237548828,
        "y": -60.89971923828125,
        "z": -0.08340835571289062
      },
      "velocity": {
        "x": 0.42984339594841003,
        "y": -0.006440994795411825,
        "z": 0.6045116782188416
      },
      "speed": 2.670416813762151,
      "relative_distance": 12.283637935865503,
      "sensors": {
        "gnss": {
          "altitude": 0.4165916442871094,
          "latitude": 0.5005470714858973,
          "longitude": 0.5002057040704401
        },
        "imu": {
          "accelerometer": {
            "x": 1.80370032787323,
            "y": 0.03030688501894474,
            "z": 12.314451217651367
          },
          "gyroscope": {
            "x": 0.0047287289053201675,
            "y": -0.004976041615009308,
            "z": 0.0008440008386969566
          }
        },
        "lidar": {
          "num_points": 12040,
          "timestamp": 2290.5845969952643
        }
      }
    }
  }
},
{
  "timestamp": "20250110_023617",
  "own_data": {
    "vehicle_id": 1,
    "location": {
      "x": 32.9925537109375,
      "y": -67.89995574951172,
      "z": -0.011985855177044868
    },
    "rotation": {
      "pitch": 0.01047750934958458,
      "yaw": 179.9765625,
      "roll": -0.008026122115552425
    },
    "velocity": {
      "x": -3.685256524477154e-05,
      "y": -0.00044145321589894593,
      "z": 0.07819139212369919
    },
    "speed": 0.2814935291177924,
    "sensors": {
      "gnss": {
        "altitude": 0.48801414482295513,
        "latitude": 0.5006099556804031,
        "longitude": 0.5002963771526067
      },
      "imu": {
        "accelerometer": {
          "x": 0.003792384173721075,
          "y": 0.0006050936644896865,
          "z": 8.774835586547852
        },
        "gyroscope": {
          "x": -0.00108998769428581,
          "y": 0.0017404991667717695,
          "z": 1.4867597997181292e-07
        }
      },
      "lidar": {
        "num_points": 13366,
        "timestamp": 2290.6845969967544
      }
    }
  },
  "other_vehicles": {
    "2": {
      "location": {
        "x": 22.96222686767578,
        "y": -60.900169372558594,
        "z": -0.026889456436038017
      },
      "velocity": {
        "x": 0.8193175792694092,
        "y": 0.007394816260784864,
        "z": 0.5154244899749756
      },
      "speed": 3.4847523663811453,
      "relative_distance": 12.231299523066452,
      "sensors": {
        "gnss": {
          "altitude": 0.473110543563962,
          "latitude": 0.5005470755295249,
          "longitude": 0.5002062731935265
        },
        "imu": {
          "accelerometer": {
            "x": 4.552987575531006,
            "y": 0.04238170385360718,
            "z": 9.764470100402832
          },
          "gyroscope": {
            "x": -0.01825893670320511,
            "y": -0.007774808909744024,
            "z": -7.761010056128725e-05
          }
        },
        "lidar": {
          "num_points": 12241,
          "timestamp": 2290.6845969967544
        }
      }
    }
  }
},
{
  "timestamp": "20250110_023617",
  "own_data": {
    "vehicle_id": 1,
    "location": {
      "x": 32.96586608886719,
      "y": -67.89999389648438,
      "z": -0.007436027284711599
    },
    "rotation": {
      "pitch": 0.016399282962083817,
      "yaw": 179.97738647460938,
      "roll": -0.0038757319562137127
    },
    "velocity": {
      "x": -0.5945878624916077,
      "y": -0.001072085346095264,
      "z": 0.025364579632878304
    },
    "speed": 2.1424665499981743,
    "sensors": {
      "gnss": {
        "altitude": 0.4925639727152884,
        "latitude": 0.5006099560230695,
        "longitude": 0.5002961374136187
      },
      "imu": {
        "accelerometer": {
          "x": 2.679473400115967,
          "y": 0.005420875269919634,
          "z": 9.086180686950684
        },
        "gyroscope": {
          "x": -0.0004893264849670231,
          "y": -0.003116952022537589,
          "z": 0.00046613431186415255
        }
      },
      "lidar": {
        "num_points": 13262,
        "timestamp": 2290.7845969982445
      }
    }
  },
  "other_vehicles": {
    "2": {
      "location": {
        "x": 23.066240310668945,
        "y": -60.90055465698242,
        "z": 0.013885307125747204
      },
      "velocity": {
        "x": 1.207084059715271,
        "y": 0.016049878671765327,
        "z": 0.3194716274738312
      },
      "speed": 4.495492913990605,
      "relative_distance": 12.124157488879295,
      "sensors": {
        "gnss": {
          "altitude": 0.5138853071257472,
          "latitude": 0.5005470789905786,
          "longitude": 0.5002072075621825
        },
        "imu": {
          "accelerometer": {
            "x": 4.076508045196533,
            "y": 0.051282450556755066,
            "z": 8.230202674865723
          },
          "gyroscope": {
            "x": -0.028456086292862892,
            "y": -0.007512797135859728,
            "z": -0.00026638826238922775
          }
        },
        "lidar": {
          "num_points": 43273,
          "timestamp": 2290.7845969982445
        }
      }
    }
  }
},
{
  "timestamp": "20250110_023617",
  "own_data": {
    "vehicle_id": 1,
    "location": {
      "x": 32.88031005859375,
      "y": -67.90007781982422,
      "z": -0.006451224908232689
    },
    "rotation": {
      "pitch": 0.029267359524965286,
      "yaw": 179.98162841796875,
      "roll": -0.0019226068397983909
    },
    "velocity": {
      "x": -0.9999903440475464,
      "y": -0.0015116441063582897,
      "z": 0.00273972493596375
    },
    "speed": 3.599982862787337,
    "sensors": {
      "gnss": {
        "altitude": 0.4935487750917673,
        "latitude": 0.5006099567769695,
        "longitude": 0.5002953688507222
      },
      "imu": {
        "accelerometer": {
          "x": 5.891700267791748,
          "y": 0.007829178124666214,
          "z": 9.450489044189453
        },
        "gyroscope": {
          "x": -0.0002478875103406608,
          "y": -0.0009806816233322024,
          "z": 0.000832169025670737
        }
      },
      "lidar": {
        "num_points": 13324,
        "timestamp": 2290.8845969997346
      }
    }
  },
  "other_vehicles": {
    "2": {
      "location": {
        "x": 23.2101993560791,
        "y": -60.90069580078125,
        "z": 0.03381770849227905
      },
      "velocity": {
        "x": 1.596316933631897,
        "y": 0.018244052305817604,
        "z": 0.11164600402116776
      },
      "speed": 5.7611534912922195,
      "relative_distance": 11.937504397251026,
      "sensors": {
        "gnss": {
          "altitude": 0.533817708492279,
          "latitude": 0.5005470802584853,
          "longitude": 0.5002085007682903
        },
        "imu": {
          "accelerometer": {
            "x": 4.009582996368408,
            "y": 0.04328980669379234,
            "z": 7.717878341674805
          },
          "gyroscope": {
            "x": -0.027957800775766373,
            "y": -0.005392100196331739,
            "z": -0.0004010108532384038
          }
        },
        "lidar": {
          "num_points": 43300,
          "timestamp": 2290.8845969997346
        }
      }
    }
  }
},
{
  "timestamp": "20250110_023617",
  "own_data": {
    "vehicle_id": 1,
    "location": {
      "x": 32.76762008666992,
      "y": -67.90019989013672,
      "z": -0.0066147614270448685
    },
    "rotation": {
      "pitch": 0.02880973555147648,
      "yaw": 179.9865264892578,
      "roll": -0.0009460447472520173
    },
    "velocity": {
      "x": -1.2156240940093994,
      "y": -0.0017645872430875897,
      "z": -0.003756027203053236
    },
    "speed": 4.376272238607057,
    "sensors": {
      "gnss": {
        "altitude": 0.49338523857295513,
        "latitude": 0.5006099578735359,
        "longitude": 0.5002943565394807
      },
      "imu": {
        "accelerometer": {
          "x": 2.718623399734497,
          "y": 0.003922685049474239,
          "z": 9.693800926208496
        },
        "gyroscope": {
          "x": -0.00012369081377983093,
          "y": 0.0007315423572435975,
          "z": 0.0012065854389220476
        }
      },
      "lidar": {
        "num_points": 13269,
        "timestamp": 2290.9845970012248
      }
    }
  },
  "other_vehicles": {
    "2": {
      "location": {
        "x": 23.388973236083984,
        "y": -60.90060043334961,
        "z": 0.03552417829632759
      },
      "velocity": {
        "x": 1.938771367073059,
        "y": 0.015353369526565075,
        "z": -0.04649932309985161
      },
      "speed": 6.981802844191337,
      "relative_distance": 11.702785351945105,
      "sensors": {
        "gnss": {
          "altitude": 0.5355241782963276,
          "latitude": 0.5005470794017981,
          "longitude": 0.5002101067213783
        },
        "imu": {
          "accelerometer": {
            "x": 3.4999945163726807,
            "y": 0.025011586025357246,
            "z": 7.979345321655273
          },
          "gyroscope": {
            "x": -0.020713377743959427,
            "y": -0.0021742323879152536,
            "z": 0.0015749494777992368
          }
        },
        "lidar": {
          "num_points": 43390,
          "timestamp": 2290.9845970012248
        }
      }
    }
  }
}
]
]